Order ID	Order Date	CustomerName	State	City
B-26055	10 March, 2018	Harivansh	Uttar Pradesh	Mathura
B-25993	3 February, 2018	Madhav	Delhi	Delhi
B-25973	24 January, 2018	Madan Mohan	Uttar Pradesh	Mathura
B-25923	27 December, 2018	Gopal	Maharashtra	Mumbai
B-25757	21 August, 2018	Vishakha	Madhya Pradesh	Indore
B-25967	21 January, 2018	Sudevi	Uttar Pradesh	Prayagraj
B-25955	16 January, 2018	Shiva	Maharashtra	Pune
B-26093	27 March, 2018	Sarita	Maharashtra	Pune
B-25798	1 October, 2018	Shishu	Andhra Pradesh	Hyderabad
B-25602	1 April, 2018	Vrinda	Maharashtra	Pune
B-25858	13 November, 2018	Uudhav	Maharashtra	Mumbai
B-25969	21 January, 2018	Shreyshi	Gujarat	Surat
B-26099	30 March, 2018	Bhishm	Maharashtra	Mumbai
B-25997	4 February, 2018	Yogesh	Maharashtra	Pune
B-25881	25 November, 2018	Lalita	Uttar Pradesh	Mathura
B-25761	25 August, 2018	Madhav	Uttar Pradesh	Mathura
B-25887	1 December, 2018	Vishakha	Uttar Pradesh	Prayagraj
B-25823	18 October, 2018	Rohan	Maharashtra	Mumbai
B-25853	8 November, 2018	Gaurav	Gujarat	Ahmedabad
B-25862	15 November, 2018	Amol	Bihar	Patna
B-25830	26 October, 2018	Aastha	Himachal Pradesh	Simla
B-25786	19 September, 2018	Madan Mohan	Uttar Pradesh	Mathura
B-25686	11 June, 2018	Pooja	Himachal Pradesh	Simla
B-26022	18 February, 2018	Shrichand	Punjab	Chandigarh
B-26003	8 February, 2018	Hitesh	Madhya Pradesh	Bhopal
B-25755	19 August, 2018	Shourya	Kerala	Thiruvananthapuram
B-25902	10 December, 2018	Ishpreet	Maharashtra	Mumbai
B-25935	4 January, 2018	Sudhir	Nagaland	Kohima
B-25797	30 September, 2018	Sauptik	Madhya Pradesh	Indore
B-25639	27 April, 2018	Lisha	Madhya Pradesh	Bhopal
B-25681	4 June, 2018	Bhawna	Madhya Pradesh	Indore
B-25909	13 December, 2018	Sujay	Maharashtra	Pune
B-25910	14 December, 2018	Jay	Delhi	Delhi
B-25950	13 January, 2018	Shruti	Madhya Pradesh	Indore
B-25613	12 April, 2018	Mohan	Haryana	Chandigarh
B-25919	23 December, 2018	Neha	Rajasthan	Udaipur
B-25768	1 September, 2018	Shreyoshe	Karnataka	Bangalore
B-25629	24 April, 2018	Hemant	Kerala	Thiruvananthapuram
B-25729	22 July, 2018	Madhulika	Madhya Pradesh	Bhopal
B-25943	9 January, 2018	Shardul	Gujarat	Ahmedabad
B-25842	2 November, 2018	Sheetal	Maharashtra	Pune
B-26073	21 March, 2018	Pournamasi	Madhya Pradesh	Indore
B-25778	11 September, 2018	Surabhi	Maharashtra	Mumbai
B-25717	12 July, 2018	Manshul	Uttar Pradesh	Lucknow
B-26085	26 March, 2018	Shrichand	Punjab	Chandigarh
B-26048	4 March, 2018	Parth	Maharashtra	Pune
B-25793	24 September, 2018	Siddharth	Madhya Pradesh	Indore
B-25656	11 May, 2018	Priyanka	Maharashtra	Pune
B-25608	8 April, 2018	Aarushi	Tamil Nadu	Chennai
B-25752	14 August, 2018	Vaibhav	Madhya Pradesh	Indore
B-25779	12 September, 2018	Savi	Maharashtra	Pune
B-25603	3 April, 2018	Jahan	Madhya Pradesh	Bhopal
B-26051	7 March, 2018	Parishi	West Bengal	Kolkata
B-25653	8 May, 2018	Farah	Nagaland	Kohima
B-25855	8 November, 2018	Abhijeet	Madhya Pradesh	Bhopal
B-25762	26 August, 2018	Anudeep	Madhya Pradesh	Indore
B-25995	4 February, 2018	Yohann	Delhi	Delhi
B-25929	2 January, 2018	Girase	Kerala	Thiruvananthapuram
B-26006	9 February, 2018	Arpita	Karnataka	Bangalore
B-25697	22 June, 2018	Vijay	Jammu and Kashmir	Kashmir
B-25836	29 October, 2018	Arti	Maharashtra	Pune
B-25601	1 April, 2018	Bharat	Gujarat	Ahmedabad
B-25873	23 November, 2018	Divyeta	Madhya Pradesh	Indore
B-26028	20 February, 2018	Manju	Andhra Pradesh	Hyderabad
B-25964	20 January, 2018	Oshin	Maharashtra	Pune
B-25676	1 June, 2018	Chandni	Rajasthan	Jaipur
B-25839	30 October, 2018	Pranjali	West Bengal	Kolkata
B-25894	4 December, 2018	Monu	Punjab	Amritsar
B-25925	29 December, 2018	Shruti	Maharashtra	Mumbai
B-25953	14 January, 2018	Krutika	Andhra Pradesh	Hyderabad
B-25772	2 September, 2018	Sanjana	Bihar	Patna
B-25957	18 January, 2018	Mahima	Madhya Pradesh	Indore
B-25730	22 July, 2018	Rishabh	Rajasthan	Jaipur
B-25877	24 November, 2018	Dashyam	Gujarat	Surat
B-26067	16 March, 2018	Tulika	Madhya Pradesh	Bhopal
B-25810	10 October, 2018	Nripraj	Punjab	Chandigarh
B-25868	18 November, 2018	Vikash	Goa	Goa
B-26023	19 February, 2018	Mukesh	Haryana	Chandigarh
B-25626	23 April, 2018	Bhishm	Maharashtra	Mumbai
B-25937	5 January, 2018	Ankit	Haryana	Chandigarh
B-25610	9 April, 2018	Yogesh	Bihar	Patna
B-25777	10 September, 2018	Aditi	Madhya Pradesh	Indore
B-25738	2 August, 2018	Ayush	Punjab	Chandigarh
B-25978	27 January, 2018	Parin	Maharashtra	Mumbai
B-25643	29 April, 2018	Kirti	Jammu and Kashmir	Kashmir
B-25728	22 July, 2018	Ameesha	Maharashtra	Pune
B-25749	13 August, 2018	Ayush	Maharashtra	Mumbai
B-25667	23 May, 2018	Anjali	Haryana	Chandigarh
B-25657	13 May, 2018	Tulika	Madhya Pradesh	Bhopal
B-25753	17 August, 2018	Shivam	Uttar Pradesh	Lucknow
B-26061	14 March, 2018	Anurag	Madhya Pradesh	Indore
B-25838	29 October, 2018	Sanjana	Madhya Pradesh	Indore
B-25702	27 June, 2018	Shaily	Maharashtra	Mumbai
B-25952	13 January, 2018	Priyanka	Madhya Pradesh	Indore
B-25666	22 May, 2018	Tanvi	Punjab	Chandigarh
B-25675	31 May, 2018	Shreya	Madhya Pradesh	Bhopal
B-25650	6 May, 2018	Chirag	Maharashtra	Mumbai
B-25986	31 January, 2018	Shweta	Rajasthan	Udaipur
B-25850	5 November, 2018	Abhishek	Goa	Goa
B-25898	7 December, 2018	Abhishek	Rajasthan	Udaipur
B-25813	10 October, 2018	Hrisheekesh	Maharashtra	Mumbai
B-25825	21 October, 2018	Kartik	Madhya Pradesh	Indore
B-25954	14 January, 2018	Trupti	Gujarat	Ahmedabad
B-25696	21 June, 2018	Noopur	Karnataka	Bangalore
B-25638	26 April, 2018	Parth	Maharashtra	Pune
B-25747	11 August, 2018	Harsh	Madhya Pradesh	Bhopal
B-25904	10 December, 2018	Swapnil	Delhi	Delhi
B-25852	7 November, 2018	Soumyabrata	Andhra Pradesh	Hyderabad
B-25981	28 January, 2018	Amruta	Delhi	Delhi
B-25899	8 December, 2018	Aishwarya	Uttar Pradesh	Prayagraj
B-25870	20 November, 2018	Pranav	Andhra Pradesh	Hyderabad
B-26040	26 February, 2018	Sahil	Punjab	Chandigarh
B-25671	27 May, 2018	Mitali	Nagaland	Kohima
B-26100	31 March, 2018	Hitika	Madhya Pradesh	Indore
B-25651	7 May, 2018	Anurag	Madhya Pradesh	Indore
B-25968	21 January, 2018	Paromita	Punjab	Amritsar
B-26019	15 February, 2018	Jitesh	Uttar Pradesh	Lucknow
B-25664	20 May, 2018	Pratyusmita	Bihar	Patna
B-26033	22 February, 2018	Atharv	West Bengal	Kolkata
B-26052	8 March, 2018	Ajay	Karnataka	Bangalore
B-25999	5 February, 2018	Diwakar	Delhi	Delhi
B-25781	14 September, 2018	Rutuja	Gujarat	Ahmedabad
B-25764	28 August, 2018	Sanjova	Maharashtra	Pune
B-25803	5 October, 2018	Shivanshu	Madhya Pradesh	Indore
B-25945	11 January, 2018	Mhatre	Madhya Pradesh	Indore
B-26086	26 March, 2018	Mukesh	Haryana	Chandigarh
B-25845	3 November, 2018	Snel	Kerala	Thiruvananthapuram
B-25817	13 October, 2018	Praneet	Maharashtra	Mumbai
B-25951	13 January, 2018	Jesal	West Bengal	Kolkata
B-25970	22 January, 2018	Rhea	Maharashtra	Mumbai
B-25878	24 November, 2018	Mrinal	Maharashtra	Mumbai
B-26057	10 March, 2018	Sharda	Kerala	Thiruvananthapuram
B-25885	28 November, 2018	Shatayu	Madhya Pradesh	Indore
B-25897	6 December, 2018	Rohan	Madhya Pradesh	Indore
B-25756	20 August, 2018	Mohan	Maharashtra	Mumbai
B-25859	14 November, 2018	Chikku	Madhya Pradesh	Indore
B-25691	16 June, 2018	Akancha	Maharashtra	Mumbai
B-25633	26 April, 2018	Amit	Sikkim	Gangtok
B-25708	1 July, 2018	Kishwar	Madhya Pradesh	Indore
B-25831	27 October, 2018	Mahima	Sikkim	Gangtok
B-25856	10 November, 2018	Abhijeet	Maharashtra	Mumbai
B-25893	4 December, 2018	Vrinda	Uttar Pradesh	Mathura
B-25959	18 January, 2018	Muskan	Madhya Pradesh	Indore
B-26000	6 February, 2018	Shubham	Delhi	Delhi
B-26097	28 March, 2018	Vini	Karnataka	Bangalore
B-25745	9 August, 2018	Kartik	Gujarat	Ahmedabad
B-25974	25 January, 2018	Manisha	Rajasthan	Udaipur
B-25670	25 May, 2018	Charika	Goa	Goa
B-25848	3 November, 2018	Rohan	Himachal Pradesh	Simla
B-25888	2 December, 2018	Rohan	Punjab	Amritsar
B-25942	8 January, 2018	Ankur	Andhra Pradesh	Hyderabad
B-25847	3 November, 2018	Aniket	Haryana	Chandigarh
B-25636	26 April, 2018	Nishi	Maharashtra	Mumbai
B-25826	22 October, 2018	Tanushree	Maharashtra	Mumbai
B-26081	22 March, 2018	Aarushi	Tamil Nadu	Chennai
B-25625	23 April, 2018	Pinky	Jammu and Kashmir	Kashmir
B-25802	5 October, 2018	Yash	Maharashtra	Mumbai
B-25693	18 June, 2018	Parna	Madhya Pradesh	Bhopal
B-25796	24 September, 2018	Sukrith	Maharashtra	Mumbai
B-25806	6 October, 2018	Dhanraj	Madhya Pradesh	Indore
B-25710	5 July, 2018	Megha	Maharashtra	Pune
B-25669	25 May, 2018	Piyali	Sikkim	Gangtok
B-25857	10 November, 2018	Anand	Madhya Pradesh	Indore
B-25785	15 September, 2018	Ayush	West Bengal	Kolkata
B-25930	3 January, 2018	Monica	Punjab	Chandigarh
B-26053	9 March, 2018	Kirti	Jammu and Kashmir	Kashmir
B-26070	18 March, 2018	Shruti	Karnataka	Bangalore
B-25791	24 September, 2018	Avish	Kerala	Thiruvananthapuram
B-25983	30 January, 2018	Atul	Delhi	Delhi
B-25979	27 January, 2018	Shivangi	Madhya Pradesh	Indore
B-26054	10 March, 2018	Mayank	Maharashtra	Mumbai
B-26078	22 March, 2018	Kasheen	West Bengal	Kolkata
B-25787	20 September, 2018	Asish	Jammu and Kashmir	Kashmir
B-25682	7 June, 2018	Krutika	Bihar	Patna
B-25962	19 January, 2018	Tejeswini	Maharashtra	Pune
B-25750	14 August, 2018	Priyanshu	Madhya Pradesh	Indore
B-25828	24 October, 2018	Nikita	Punjab	Chandigarh
B-25622	22 April, 2018	Monisha	Rajasthan	Jaipur
B-25751	14 August, 2018	Nishant	Maharashtra	Mumbai
B-25685	10 June, 2018	Sheetal	Madhya Pradesh	Indore
B-26010	11 February, 2018	Kartikay	Bihar	Patna
B-26035	23 February, 2018	Pinky	Jammu and Kashmir	Kashmir
B-25698	23 June, 2018	Amisha	Tamil Nadu	Chennai
B-25966	21 January, 2018	Soumya	Rajasthan	Udaipur
B-25832	28 October, 2018	Harshita	Maharashtra	Mumbai
B-25743	7 August, 2018	Aman	Nagaland	Kohima
B-25886	28 November, 2018	Brijesh	Rajasthan	Udaipur
B-25975	25 January, 2018	Priyanka	Uttar Pradesh	Prayagraj
B-26098	29 March, 2018	Pinky	Jammu and Kashmir	Kashmir
B-25614	13 April, 2018	Vandana	Himachal Pradesh	Simla
B-25726	21 July, 2018	Kiran	Maharashtra	Mumbai
B-26050	6 March, 2018	Paridhi	Rajasthan	Jaipur
B-25609	9 April, 2018	Jitesh	Uttar Pradesh	Lucknow
B-25741	3 August, 2018	Navdeep	Madhya Pradesh	Indore
B-25956	17 January, 2018	Shreya	Maharashtra	Mumbai
B-25689	14 June, 2018	Bhaggyasree	Maharashtra	Mumbai
B-25939	5 January, 2018	Vineet	Sikkim	Gangtok
B-25890	4 December, 2018	Divyansha	Maharashtra	Mumbai
B-25814	10 October, 2018	Swapnil	Madhya Pradesh	Indore
B-25718	12 July, 2018	Anjali	Maharashtra	Mumbai
B-25914	18 December, 2018	Kajal	Delhi	Delhi
B-25903	10 December, 2018	Amlan	Madhya Pradesh	Indore
B-26096	28 March, 2018	Atharv	West Bengal	Kolkata
B-25654	10 May, 2018	Sabah	Maharashtra	Mumbai
B-26076	21 March, 2018	Jahan	Madhya Pradesh	Bhopal
B-25961	18 January, 2018	Surbhi	Gujarat	Ahmedabad
B-25854	8 November, 2018	Shubham	Maharashtra	Pune
B-25642	28 April, 2018	Ajay	Karnataka	Bangalore
B-25683	8 June, 2018	Shreya	Kerala	Thiruvananthapuram
B-26016	14 February, 2018	Hazel	Karnataka	Bangalore
B-26034	23 February, 2018	Vini	Karnataka	Bangalore
B-26056	10 March, 2018	Sonal	Bihar	Patna
B-25819	15 October, 2018	Ankur	Madhya Pradesh	Bhopal
B-25715	10 July, 2018	Srishti	Jammu and Kashmir	Kashmir
B-25933	4 January, 2018	Shikhar	Maharashtra	Mumbai
B-26014	13 February, 2018	Divsha	Rajasthan	Jaipur
B-25655	11 May, 2018	Nida	Madhya Pradesh	Indore
B-25816	12 October, 2018	Mane	Andhra Pradesh	Hyderabad
B-25634	26 April, 2018	Sanjay	Goa	Goa
B-25895	4 December, 2018	Sathya	Gujarat	Surat
B-25687	11 June, 2018	Sanjna	Maharashtra	Mumbai
B-25662	17 May, 2018	Sweta	Maharashtra	Mumbai
B-25635	26 April, 2018	Nidhi	Nagaland	Kohima
B-26060	13 March, 2018	Chirag	Maharashtra	Mumbai
B-26045	3 March, 2018	Nidhi	Nagaland	Kohima
B-25770	2 September, 2018	Sakshi	Madhya Pradesh	Indore
B-25744	8 August, 2018	Devendra	Andhra Pradesh	Hyderabad
B-25618	18 April, 2018	Manju	Andhra Pradesh	Hyderabad
B-25958	18 January, 2018	Aparajita	West Bengal	Kolkata
B-25769	2 September, 2018	Surbhi	Maharashtra	Mumbai
B-25619	18 April, 2018	Ramesh	Gujarat	Ahmedabad
B-25688	11 June, 2018	Swetha	Madhya Pradesh	Indore
B-25829	25 October, 2018	Apoorva	Haryana	Chandigarh
B-26036	23 February, 2018	Bhishm	Maharashtra	Mumbai
B-25714	9 July, 2018	Stuti	Karnataka	Bangalore
B-25989	1 February, 2018	Anjali	Delhi	Delhi
B-25849	4 November, 2018	K	Sikkim	Gangtok
B-25851	6 November, 2018	Kushal	Nagaland	Kohima
B-25782	15 September, 2018	Aayushi	Maharashtra	Mumbai
B-25621	20 April, 2018	Deepak	Madhya Pradesh	Bhopal
B-25996	4 February, 2018	Prashant	Delhi	Delhi
B-25678	3 June, 2018	Bathina	Karnataka	Bangalore
B-25727	22 July, 2018	Turumella	Madhya Pradesh	Indore
B-26018	14 February, 2018	Aarushi	Tamil Nadu	Chennai
B-25760	24 August, 2018	Pooja	Goa	Goa
B-25804	5 October, 2018	Sudheer	Karnataka	Bangalore
B-25754	18 August, 2018	Akshay	Bihar	Patna
B-26020	16 February, 2018	Yogesh	Bihar	Patna
B-25640	27 April, 2018	Paridhi	Rajasthan	Jaipur
B-25789	22 September, 2018	Akshay	Uttar Pradesh	Lucknow
B-26072	20 March, 2018	Sweta	Maharashtra	Mumbai
B-26007	9 February, 2018	Shubham	Jammu and Kashmir	Kashmir
B-26087	26 March, 2018	Vandana	Himachal Pradesh	Simla
B-25617	17 April, 2018	Sagar	Nagaland	Kohima
B-25984	30 January, 2018	Kajal	Delhi	Delhi
B-25767	31 August, 2018	Ashmeet	West Bengal	Kolkata
B-25987	31 January, 2018	Manjiri	Delhi	Delhi
B-25840	31 October, 2018	Sneha	Karnataka	Bangalore
B-25663	19 May, 2018	Pournamasi	Madhya Pradesh	Indore
B-26030	21 February, 2018	Sarita	Maharashtra	Pune
B-25947	13 January, 2018	Chetan	Gujarat	Ahmedabad
B-25896	5 December, 2018	Aman	Maharashtra	Mumbai
B-26009	10 February, 2018	Komal	Uttar Pradesh	Lucknow
B-25876	24 November, 2018	Bhosale	Punjab	Amritsar
B-25915	19 December, 2018	Sukruta	Punjab	Amritsar
B-25795	24 September, 2018	Sukant	Sikkim	Gangtok
B-26002	8 February, 2018	Harsh	Delhi	Delhi
B-25645	1 May, 2018	Yaanvi	Madhya Pradesh	Indore
B-25837	29 October, 2018	Palak	Maharashtra	Mumbai
B-25612	12 April, 2018	Shrichand	Punjab	Chandigarh
B-25812	10 October, 2018	Kshitij	Madhya Pradesh	Indore
B-25843	3 November, 2018	Mrunal	Maharashtra	Mumbai
B-26026	19 February, 2018	Kanak	Goa	Goa
B-25773	6 September, 2018	Shreya	Kerala	Thiruvananthapuram
B-25875	24 November, 2018	Divyeshkumar	Uttar Pradesh	Prayagraj
B-25660	16 May, 2018	Shruti	Karnataka	Bangalore
B-25918	22 December, 2018	Karandeep	Madhya Pradesh	Indore
B-25971	22 January, 2018	Mitali	Madhya Pradesh	Indore
B-26063	15 March, 2018	Farah	Nagaland	Kohima
B-25867	17 November, 2018	Ankit	Sikkim	Gangtok
B-25703	28 June, 2018	Ekta	Madhya Pradesh	Indore
B-25661	17 May, 2018	Subhashree	Jammu and Kashmir	Kashmir
B-25748	12 August, 2018	Nitant	Rajasthan	Jaipur
B-25766	30 August, 2018	Surabhi	Rajasthan	Jaipur
B-25861	15 November, 2018	Aayush	Uttar Pradesh	Lucknow
B-26058	11 March, 2018	Aditya	Punjab	Chandigarh
B-25808	8 October, 2018	Apsingekar	Bihar	Patna
B-25900	9 December, 2018	Anand	Punjab	Amritsar
B-26084	25 March, 2018	Anita	Kerala	Thiruvananthapuram
B-25652	8 May, 2018	Tushina	Goa	Goa
B-26008	9 February, 2018	Kalyani	Tamil Nadu	Chennai
B-25799	1 October, 2018	Divyansh	Gujarat	Ahmedabad
B-25927	31 December, 2018	Shreya	Uttar Pradesh	Lucknow
B-25985	31 January, 2018	Ginny	Madhya Pradesh	Indore
B-25994	3 February, 2018	Omkar	Delhi	Delhi
B-25620	20 April, 2018	Sarita	Maharashtra	Pune
B-25712	7 July, 2018	Adhvaita	Rajasthan	Jaipur
B-25976	25 January, 2018	Piyam	Punjab	Amritsar
B-26068	16 March, 2018	Shefali	Rajasthan	Jaipur
B-25721	16 July, 2018	Anchal	Haryana	Chandigarh
B-25863	15 November, 2018	Manibalan	Kerala	Thiruvananthapuram
B-25991	3 February, 2018	Mansi	Madhya Pradesh	Indore
B-25737	1 August, 2018	Shubham	Madhya Pradesh	Indore
B-26043	1 March, 2018	Amit	Sikkim	Gangtok
B-25977	27 January, 2018	Aayushi	Gujarat	Surat
B-25908	12 December, 2018	Pradeep	Delhi	Delhi
B-25941	7 January, 2018	Jaideep	Nagaland	Kohima
B-25794	24 September, 2018	Aditya	Himachal Pradesh	Simla
B-26041	27 February, 2018	Ritu	Haryana	Chandigarh
B-25695	18 June, 2018	Suhani	West Bengal	Kolkata
B-25960	18 January, 2018	Shreya	Andhra Pradesh	Hyderabad
B-26037	23 February, 2018	Hitika	Madhya Pradesh	Indore
B-25921	25 December, 2018	Sandra	Punjab	Amritsar
B-25944	10 January, 2018	Syed	Maharashtra	Pune
B-25724	19 July, 2018	Sheetal	Madhya Pradesh	Indore
B-26024	19 February, 2018	Vandana	Himachal Pradesh	Simla
B-25694	18 June, 2018	Subhasmita	Rajasthan	Jaipur
B-25665	21 May, 2018	Chayanika	Kerala	Thiruvananthapuram
B-26004	8 February, 2018	Nandita	Rajasthan	Jaipur
B-25611	11 April, 2018	Anita	Kerala	Thiruvananthapuram
B-25901	10 December, 2018	Suraj	Gujarat	Surat
B-25623	22 April, 2018	Atharv	West Bengal	Kolkata
B-25713	8 July, 2018	Raksha	West Bengal	Kolkata
B-26091	27 March, 2018	Manju	Andhra Pradesh	Hyderabad
B-25604	3 April, 2018	Divsha	Rajasthan	Jaipur
B-25827	23 October, 2018	Sheetal	Madhya Pradesh	Indore
B-25835	29 October, 2018	Moumita	Gujarat	Ahmedabad
B-26025	19 February, 2018	Bhavna	Sikkim	Gangtok
B-25809	9 October, 2018	Suman	Kerala	Thiruvananthapuram
B-25905	11 December, 2018	Bhargav	Delhi	Delhi
B-25948	13 January, 2018	Mukund	Maharashtra	Pune
B-26094	27 March, 2018	Deepak	Madhya Pradesh	Bhopal
B-25949	13 January, 2018	Shantanu	Maharashtra	Mumbai
B-26001	7 February, 2018	Patil	Delhi	Delhi
B-25771	2 September, 2018	Vaibhavi	Uttar Pradesh	Lucknow
B-25659	15 May, 2018	Sanskriti	West Bengal	Kolkata
B-25924	28 December, 2018	Prajakta	Karnataka	Bangalore
B-25883	27 November, 2018	Saptadeep	Gujarat	Surat
B-25946	12 January, 2018	Saurabh	Andhra Pradesh	Hyderabad
B-26065	16 March, 2018	Nida	Madhya Pradesh	Indore
B-26083	24 March, 2018	Yogesh	Bihar	Patna
B-25725	20 July, 2018	Anisha	Nagaland	Kohima
B-25630	24 April, 2018	Sahil	Punjab	Chandigarh
B-25673	28 May, 2018	Arsheen	Gujarat	Ahmedabad
B-25692	17 June, 2018	Rashmi	Madhya Pradesh	Indore
B-25992	3 February, 2018	Gaurav	Rajasthan	Udaipur
B-25765	29 August, 2018	Meghana	Madhya Pradesh	Bhopal
B-25892	4 December, 2018	Aditi	Rajasthan	Udaipur
B-26089	26 March, 2018	Kanak	Goa	Goa
B-25780	13 September, 2018	Teena	Andhra Pradesh	Hyderabad
B-25684	9 June, 2018	Samiksha	Maharashtra	Mumbai
B-25739	3 August, 2018	Daksh	Haryana	Chandigarh
B-25731	26 July, 2018	Akash	West Bengal	Kolkata
B-25648	4 May, 2018	Aditya	Punjab	Chandigarh
B-26038	24 February, 2018	Pooja	Bihar	Patna
B-25700	25 June, 2018	Shubhi	Maharashtra	Mumbai
B-26015	14 February, 2018	Kasheen	West Bengal	Kolkata
B-25704	29 June, 2018	Riya	Maharashtra	Mumbai
B-25811	10 October, 2018	Utsav	Maharashtra	Mumbai
B-25821	16 October, 2018	Ajay	West Bengal	Kolkata
B-25874	24 November, 2018	Megha	Rajasthan	Udaipur
B-25668	24 May, 2018	Rhea	Himachal Pradesh	Simla
B-25800	1 October, 2018	Ishit	Maharashtra	Pune
B-25928	1 January, 2018	Smriti	Bihar	Patna
B-26021	17 February, 2018	Anita	Kerala	Thiruvananthapuram
B-26064	16 March, 2018	Ankita	Maharashtra	Mumbai
B-25882	26 November, 2018	Masurkar	Punjab	Amritsar
B-25891	4 December, 2018	Shivani	Madhya Pradesh	Indore
B-25820	16 October, 2018	Dheeraj	Rajasthan	Jaipur
B-25889	3 December, 2018	Abhishek	Gujarat	Surat
B-25871	21 November, 2018	Gunjal	Gujarat	Surat
B-25637	26 April, 2018	Ashmi	Madhya Pradesh	Indore
B-25616	15 April, 2018	Kanak	Goa	Goa
B-25972	23 January, 2018	Jesslyn	Rajasthan	Udaipur
B-25805	5 October, 2018	Ankit	Maharashtra	Mumbai
B-25860	15 November, 2018	Akshay	Tamil Nadu	Chennai
B-26080	22 March, 2018	Sonakshi	Jammu and Kashmir	Kashmir
B-25807	7 October, 2018	Vipul	Uttar Pradesh	Lucknow
B-25734	29 July, 2018	Pranav	Madhya Pradesh	Indore
B-25880	24 November, 2018	Apoorv	Rajasthan	Udaipur
B-25934	4 January, 2018	Rahul	Madhya Pradesh	Indore
B-25913	17 December, 2018	Geetanjali	Delhi	Delhi
B-25912	16 December, 2018	Preksha	Delhi	Delhi
B-25824	20 October, 2018	Shyam	Madhya Pradesh	Indore
B-25711	6 July, 2018	Sakshi	Madhya Pradesh	Bhopal
B-25864	15 November, 2018	Aromal	Maharashtra	Mumbai
B-25917	21 December, 2018	Sanjay	Maharashtra	Mumbai
B-26049	5 March, 2018	Lisha	Madhya Pradesh	Bhopal
B-25920	24 December, 2018	Jayanti	Uttar Pradesh	Prayagraj
B-25699	24 June, 2018	Kritika	Uttar Pradesh	Lucknow
B-25735	30 July, 2018	Arindam	Uttar Pradesh	Lucknow
B-25701	26 June, 2018	Maithilee	Madhya Pradesh	Indore
B-26092	27 March, 2018	Ramesh	Gujarat	Ahmedabad
B-26082	23 March, 2018	Jitesh	Uttar Pradesh	Lucknow
B-25818	14 October, 2018	Sandeep	Madhya Pradesh	Indore
B-25846	3 November, 2018	Soodesh	Punjab	Chandigarh
B-26011	12 February, 2018	Bharat	Gujarat	Ahmedabad
B-25631	24 April, 2018	Ritu	Haryana	Chandigarh
B-25606	6 April, 2018	Hazel	Karnataka	Bangalore
B-25746	10 August, 2018	Shivam	Maharashtra	Pune
B-26005	8 February, 2018	Parnavi	West Bengal	Kolkata
B-25844	3 November, 2018	Swati	Madhya Pradesh	Indore
B-25869	19 November, 2018	Parakh	Nagaland	Kohima
B-26066	16 March, 2018	Priyanka	Maharashtra	Pune
B-25865	15 November, 2018	Arun	Madhya Pradesh	Indore
B-26039	25 February, 2018	Hemant	Kerala	Thiruvananthapuram
B-25916	20 December, 2018	Utkarsh	Gujarat	Surat
B-26090	27 March, 2018	Sagar	Nagaland	Kohima
B-25988	31 January, 2018	Nirja	Delhi	Delhi
B-25906	11 December, 2018	Abhijit	Delhi	Delhi
B-26017	14 February, 2018	Sonakshi	Jammu and Kashmir	Kashmir
B-25644	30 April, 2018	Mayank	Maharashtra	Mumbai
B-25679	4 June, 2018	Avni	Maharashtra	Mumbai
B-25723	18 July, 2018	Wale	Maharashtra	Mumbai
B-25605	5 April, 2018	Kasheen	West Bengal	Kolkata
B-25792	24 September, 2018	Abhishek	Maharashtra	Mumbai
B-25680	4 June, 2018	Aayushi	Madhya Pradesh	Indore
B-25931	4 January, 2018	Sidharth	Maharashtra	Mumbai
B-25932	4 January, 2018	Bhutekar	Madhya Pradesh	Indore
B-25990	2 February, 2018	Mugdha	Delhi	Delhi
B-25615	15 April, 2018	Bhavna	Sikkim	Gangtok
B-26031	22 February, 2018	Deepak	Madhya Pradesh	Bhopal
B-25801	1 October, 2018	Aryan	Madhya Pradesh	Bhopal
B-25833	29 October, 2018	Krishna	Madhya Pradesh	Indore
B-26077	22 March, 2018	Divsha	Rajasthan	Jaipur
B-25936	5 January, 2018	Nikhil	Punjab	Chandigarh
B-25938	5 January, 2018	Shikhar	Himachal Pradesh	Simla
B-25716	11 July, 2018	Surabhi	Tamil Nadu	Chennai
B-25740	3 August, 2018	Rane	Maharashtra	Mumbai
B-25763	27 August, 2018	Noshiba	Gujarat	Ahmedabad
B-25872	22 November, 2018	Saurabh	Maharashtra	Mumbai
B-25879	24 November, 2018	Siddharth	Madhya Pradesh	Indore
B-25926	30 December, 2018	Dipali	Madhya Pradesh	Indore
B-26074	21 March, 2018	Bharat	Gujarat	Ahmedabad
B-25627	23 April, 2018	Hitika	Madhya Pradesh	Indore
B-25940	6 January, 2018	Vivek	Goa	Goa
B-26047	4 March, 2018	Ashmi	Madhya Pradesh	Indore
B-26069	17 March, 2018	Sanskriti	West Bengal	Kolkata
B-26027	20 February, 2018	Sagar	Nagaland	Kohima
B-25963	19 January, 2018	Pratiksha	Maharashtra	Mumbai
B-25922	26 December, 2018	Akshata	Gujarat	Surat
B-25866	16 November, 2018	Komal	Himachal Pradesh	Simla
B-25607	6 April, 2018	Sonakshi	Jammu and Kashmir	Kashmir
B-25775	8 September, 2018	Duhita	Haryana	Chandigarh
B-25998	4 February, 2018	Anmol	Rajasthan	Udaipur
B-26062	15 March, 2018	Tushina	Goa	Goa
B-25722	17 July, 2018	Inderpreet	Himachal Pradesh	Simla
B-25776	9 September, 2018	Mousam	Maharashtra	Mumbai
B-26032	22 February, 2018	Monisha	Rajasthan	Jaipur
B-25705	30 June, 2018	Shweta	Madhya Pradesh	Indore
B-25628	24 April, 2018	Pooja	Bihar	Patna
B-25733	28 July, 2018	Dhirajendu	Maharashtra	Mumbai
B-25647	3 May, 2018	Sharda	Kerala	Thiruvananthapuram
B-25790	23 September, 2018	Sajal	Bihar	Patna
B-25709	1 July, 2018	Aakanksha	Madhya Pradesh	Indore
B-25911	15 December, 2018	Phalguni	Madhya Pradesh	Bhopal
B-25774	7 September, 2018	Snehal	Punjab	Chandigarh
B-26042	28 February, 2018	Manish	Himachal Pradesh	Simla
B-25815	10 October, 2018	Harsh	Nagaland	Kohima
B-25822	18 October, 2018	Tejas	Karnataka	Bangalore
B-26075	21 March, 2018	Pearl	Maharashtra	Pune
B-25783	15 September, 2018	Shivangi	Madhya Pradesh	Indore
B-26046	4 March, 2018	Nishi	Maharashtra	Mumbai
B-25690	15 June, 2018	Gunjan	Madhya Pradesh	Indore
B-25706	1 July, 2018	Swetlana	Goa	Goa
B-25736	31 July, 2018	Akshat	Maharashtra	Mumbai
B-25720	15 July, 2018	Namrata	Punjab	Chandigarh
B-25907	11 December, 2018	Jaydeep	Madhya Pradesh	Bhopal
B-25719	12 July, 2018	Rashmi	Madhya Pradesh	Indore
B-26013	13 February, 2018	Jahan	Madhya Pradesh	Bhopal
B-26044	2 March, 2018	Sanjay	Goa	Goa
B-25649	5 May, 2018	Rachna	Haryana	Chandigarh
B-25658	14 May, 2018	Shefali	Rajasthan	Jaipur
B-25672	28 May, 2018	Akanksha	Andhra Pradesh	Hyderabad
B-25624	22 April, 2018	Vini	Karnataka	Bangalore
B-25884	28 November, 2018	Sumeet	Maharashtra	Mumbai
B-25641	27 April, 2018	Parishi	West Bengal	Kolkata
B-25841	1 November, 2018	Ashvini	Maharashtra	Mumbai
B-25980	27 January, 2018	Shweta	Rajasthan	Udaipur
B-26012	13 February, 2018	Pearl	Maharashtra	Pune
B-26029	20 February, 2018	Ramesh	Gujarat	Ahmedabad
B-26071	19 March, 2018	Subhashree	Jammu and Kashmir	Kashmir
B-25646	1 May, 2018	Sonal	Bihar	Patna
B-25677	2 June, 2018	Ekta	West Bengal	Kolkata
B-25759	23 August, 2018	Soumya	Sikkim	Gangtok
B-26059	12 March, 2018	Rachna	Haryana	Chandigarh
B-25632	25 April, 2018	Manish	Himachal Pradesh	Simla
B-26079	22 March, 2018	Hazel	Karnataka	Bangalore
B-25674	28 May, 2018	Mahima	Maharashtra	Pune
B-25965	21 January, 2018	Saloni	West Bengal	Kolkata
B-25732	27 July, 2018	Anubhaw	Karnataka	Bangalore
B-25834	29 October, 2018	Ananya	Andhra Pradesh	Hyderabad
B-25784	15 September, 2018	Rohit	Rajasthan	Jaipur
B-25982	29 January, 2018	Hemangi	Delhi	Delhi
B-25788	21 September, 2018	Dinesh	Tamil Nadu	Chennai
B-25742	3 August, 2018	Ashwin	Goa	Goa
B-26088	26 March, 2018	Bhavna	Sikkim	Gangtok
B-25707	1 July, 2018	Shivani	Maharashtra	Mumbai
B-25758	22 August, 2018	Shubham	Himachal Pradesh	Simla
B-26095	28 March, 2018	Monisha	Rajasthan	Jaipur